{
    "rmse": 3.2266973893913393,
    "mae": 1.4879347827302616,
    "r2": 0.5960318894467378
}