{
    "rmse": 3.1619382440769392,
    "mae": 1.4693741094211996,
    "r2": 0.6120842843582288
}