{
    "rmse": 2.5983030458972722,
    "mae": 1.3080007898198067,
    "r2": 0.7380549400340155
}