{
    "rmse": 2.5468879601351686,
    "mae": 1.0560444444444443,
    "r2": 0.7483190825611291
}